,seq,kcat,km,kcat_km
2.3.1.181_0	1.0558010540883958,MYQDKILVRQLGLQPYEAISQAMHNFTDMRDENSHDEIWLVEHYPVFTQGQAGKAEHILMPGDIPVVQSDRGGQVTYHGPGQQVMYVLLNLKRRKLGVRDLVTLLEQTVVNTLAEIGIEAHPRADAPGVYVGEKKICSLGLRIRRGCSFHGLALNVNMDLSPFLRINPCGYAGMEMAKITQWKEDATTDNIAPRLLANIL,4.515613314016438,0.32830777017796897,12.813541261614738
2.3.1.181_1	1.0992657209979464,MYQDKILVRQLGLQPYEAISQAMHNFTDMRDENSYDEIWLVEHYPVFTQGQAGKAEHILMPGDIPVVQSDRGGQVTYHGPGQQVMYVLLNLKRRKLGVRDLVTLLEQTVVNTLAEIGIEAHPRADAPGVYVGEKKICSLGLRIRRGCSFHGLALNVNMDLSPFLRINPCGYAGMEMAKITQWKEDATTNNIAPRLLANIL,2.7172957210034547,0.3183431478228293,8.98413016771863
2.3.1.181_2	1.1065916904317856,MSQVLGFRELGRMDYEPVWHAMQRFTNERGSSAADEIWLVEHPPVFTQGQAGKAEHLLLPGDIPVVQVDRGGQVTYHGPGQLVAYLLLDVRKLGFGVRDLVSRMEACLIELLASYGVTAAAKPDAPGVYVDGAKIASLGLRIRHGCSFHGLALNVDMNLEPFRRINPCGYAGLAMTQLSDHAGSIEFAEVSARLRAQLVK,2.4713110346693785,0.3657519292940207,10.99556995102101
2.3.1.181_3	1.1200511400287723,MHNFTDMRDENSHDEIWLVEHYPVFTQGQAGKAEHILMPGDIPVVQSDRGGQVTYHGPGQQVMYVLLNLKRRKLGVRDLVTLLEQTVVNTLAEIGIEAHPRADAPGVYVGEKKICSLGLRIRRGCSFHGLALNVNMDLSPFLRINPCGYAGMEMAKITQWKEDVTPDNIAPRLLANILALLNNPPYEYIAA,2.0325659528156117,0.26745130009064644,11.723356159202288
2.3.1.181_4	1.1262935977232704,MHDFTDTRDDTTLDEIWLVEHYPVFTQGQAGKAEHILMPGDIPVIQSDRGGQVTYHGPGQQVMYVLLNLKRRKLGVRELVTLLEQTVVNTLAEIGIEAHPRADAPGVYVGEKKICSLGLRIRRGCSFHGLALNVNMDLSPFLRINPCGYAGMEMAKITQWKEDATTDNIAPRLLANILALLNNPPYEYIAA,1.7155760798501387,0.34133522232065017,19.027342035513364
2.3.1.181_5	1.1273828678489866,MGKEKWCYINSGQCSPAFNMALDECLLNWQSEKKMPPTIRFYEWEVPTLTVGYFQRVEKDINMDVVAEKKYGFVRRQTGGRGVLHDKELTYSVIVSEDHPNMPKTVTEAYRVISQGLLDGFKALGLEAYYAVPKTEADRENLKNPRSGVCFDAPSWYEIVVEGRKIAGSAQTRQKGVILQHGSIPLEIDLDELYDLFLFP,3.351129457746451,0.4086861424204035,4.840896616207815
2.3.1.181_6	1.1613814036094188,MYQDKILVRHLGLKPYEAISQAMHNFTDMRDENSHDEIWLVEHYPVFTQGQAGKAEHILMPGDIPVVQSDRGGQVTYHGPGQQVMYVLLNLKRRKLGVRDLVTLLEQTVVNTLAEIGIEAHPRADAPGVYVGEKKICSLGLRIRRGCSFHGLALNVNMDLGPFLRINPCGYAGMEMAKITQWKEDATTDNIAPRLLANIL,2.8483450066384077,0.30201792499450136,10.610864770586716
2.3.1.181_7	1.2074174920707865,MSELRFVRMGFGTEAVDYQAAWDEQRRVHAARFADEIPDTCLLLEHPPVYTAGRRTEDSERPLDGTPVIDVDRGGKITWHGPGQLVGYPIQKLPRPVDVVAHVRRLEEALLRTCAEFGLETTRVEGRSGVWVLGDPVEQRPALGGLSLDFDPRMADEEFDPRLNGPEYAPSNAGQRREDRKIAAIGIRVAKGVTMHGFSL,2.022218556267549,0.6014860856229184,7.458988626515932
2.3.1.181_8	1.21835276287255,MLRSDLEFSMLPQLGTRPVRWRIADGLVPYEEVVETMEREVAVISDGGDELVWLVEHPPLYTAGTSANARDLVQPNRFPVFATGRGGEYTYHGPGQRVMYVMLDLKRRRQDVRAFVAALEDVVIRTLDMMNVRGERREDRVGVWVRRPEKPLLADGTMAEDKIAALGIRLRKWVTFHGLSLNVDPDLDHFSGIVPCGISA,2.193298952641726,0.2847023875030474,7.925942556453138
2.3.1.181_9	1.255794682185506,MPGTLGFRELGQMGYEPVWHAMQRFTNDRGSDAADEIWLVEHPPVFTQGQAGKPEHLLLPGDIPVVQVDRGGQVTYHGPGQLVAYLLLDVRKLGFGVRDLVSRMEQCLIELLASYGVTAVAKPDAPGVYVDGAKIASLGLRIRHGCSFHGLALNVDMNLEPFRRINPCGYAGLAMTQLSEHATPI,1.8414717366699012,0.3350605117688999,7.707893050254565
2.3.1.181_10	1.472666684070748,MPRLQQHKIILRQLGLQPYASVSQAMHNFTEKRTADTPDELWLVEHHQVFTQGQAGKAEHVLVPGEIPVIQSDRGGQVTYHGPGQQVMYIMIDLKRNKIGVRQLVTAIENTVINTLAHFDVESRARPDAPGVYVGERKICSLGLRIRKGSSFHGLALNMAMDLNPFQRINPCGYAGMQMVQVSDLTPGVTVNDVQPVLVQ,2.824111248657459,0.35569792579366943,9.635666816140604
2.3.1.181_11	1.4862569683875029,MPRLQQHKIILRQLGIQPYEPVSQAMHNFTEFRTDTTPDEIWLVQHQQVLTQGQAGKPEHILVPGDIPVIQSDRGGQVTYHGPGQQVMYVMVDLKRNKVGVRQLVTAIENTVIETLAHYQIVSRARPDAPGVYVANEQKICSLGLRIRKGSSFHGLALNIAMDLSPFLRINPCGYAGMQMVQVSELGGAASLETTGEQLV,4.291040541488514,0.4142343031879502,19.392694383598315
2.3.1.181_12	1.488435919772383,MAGTLSFRELGQLAYEPVWHAMQRFTNERGRDATADEIWLVQHPSVFTQGQAGKAEHLLLPGDIPVVQVDRGGQVTYHGPGQLVAYLLLDVRKLGFGVRELVTRMEGCLIELLASYGVTAAAKADAPGVYVNGAKIASLGLRIRHGCSFHGLALNVDMNLGPFRRINPCGYAGLAMTQLRDHTGAIEFAEVSARLRAQLV,2.325508385001463,0.31902523314829007,26.729718808288816
2.3.1.181_13	1.5312417004786765,MEKEVWRFIDSGNCSPSFNMALDEALLNWHSEGNIPPTIRFYGWSPPTLSIGYFQKVEKEIDLEAVMRYGLGFVRRPTGGRGVLHDQELTYSVIVSEEHPRMPQTVTEAYRVISQGILEGFRYLGMEAYFAVPLSKDEEKSDLRSPRSAVCFDAPSWYELVVEGRKVAGSAQTRQKGVILQHGSILIDLDEDKLFSLFKF,2.619477403749518,0.46332381839460257,3.538133330624258
2.3.1.181_14	1.758531547233504,MVEWITTNGHIDPAYNMALDEALLDWHSAGKIPPTVRFYGWDPATLSIGYFQKVEKEINLDAVAKDIRFVRRPTGGRGVLHEHELTYSVIVSEDCPKTVPASVTEAYRVISEGILQGFRALGMEAYFAVPRTDEERNKLKQPRSAVCFDAPSWYELVVEGRKIAGSAQTRQKGVILQHGSILLDIDEDKLFSLFRYPNDR,1.4528585469344835,0.4075039908568413,4.288377903850932
2.3.1.181_15	1.7872663691488044,MSQQNTLIVRQLGRQDYSPIWHKMQAFTDTRDEQTLDEIWLVEHHRVFTQGQAGKPEHVLNPSNIPVVQSDRGGQVTYHGPGQQVMYVLFNIRRHKTGVRQLVTAIENTVVKTLSHYGIESYPRPDAPGVYVDGKKICSLGLRIRRGCSFHGLALNIAMDLSPFQRINPCGYAGMEMIQVNDLVPGIQIEDVQPVLIEEF,5.400668076769273,0.32389335222886967,9.651531277467763
2.3.1.181_16	1.8927612238590636,PGNSHMRDGKLVRYFEVLFLGELGLKAYKADRVDGLTGVWAGDKICAIGVHGSRFVTIHGIALNCSTDLKY,1.7272075141245704,0.4017300037035634,41.90120245128034
2.3.1.181_17	1.9567686225900518,MENQLKQHLVIRQLGRQDYEPIWQAMHEFTDKRDAETSDEVWLVEHSPVFTQGQAGKAEHLLNTGDIPVVQSDRGGQVTYHGPGQMVIYFLINLRRKKTGVRELVTHIENLVINTLKAYHIESAVRPDAPGVYVDGKKICSLGLRIRKGCTFHGLALNVNMDLAPFLRINPCGYAGMEMMQVSDLVDGEGFENVNERLIT,1.6184998799997525,0.32840697547649544,19.63629694975826
2.3.1.181_18	2.0275047002087208,MGRELGFIDYQTAWQAMKRFTDERGELQPDEVWLVQHESVFTQGQAGKDEHLLAPGDIPVVQVDRGGQVTYHGPGQLVCYFMINLRRKKLGVRELVTMIEDSIVKTLAKYAIEAYPKADAPGVYVNENKICSLGLRIRRGCSFHGLALNVDMDLSPFLRINPCGYAGMNMVQVSDLRNDGSTDDIEQALVRELVEILGYQ,3.2023925441298524,0.2830707649198573,21.981226976984683
2.3.1.181_19	2.0451195497667425,MEWRTWSDLPVPYEEALAFMEGRVAAILRGEAEESIWLLEHPPLYTSGTSAKNGDLLDPRFPVFQTGRGGQYTYHGPGQRIAYVMLDLNRRGRDVRCFVKGLENWIIDTLAAFNVKGEIREGRVGVWVTREDKPLTPTGAKPEDKIAAIGIRLKRWVSFHGISINVEPELSHYKGIVPCGVTEHGVTSFMNLGLPVTMDD,2.4704622309244177,0.33920464873615835,17.852436618374167
2.3.1.181_20	2.1584891816747827,MGRRGGRAVLYHAVPATRPAVEIQQLGRVDYRRTWELQARLRQGCIDHGLTTDFFLLLEHPPVFTIGARSTP,0.7386839365098686,0.5244975238743388,4.727492559786193
2.3.1.181_21	2.437615041259287,MTSPFRDTLDLTAFASPVPYQEGWDRQRDIHAAVAAGTGPDNVFVVEHPSVYTAGKRTEPVDRPLDGTPVVDADRGGKITWHGPGQLVGYPILRLAEPIDVVGYVRRIEQALIRVIGDLGVESVRIEGRSGVWVPAEHGRPDRKIAAIGIRVQRGVTMHGFALNCSTDLDAYAGIVPCGIADAGVTTLSAELARDVSVAA,3.657178172358047,0.43018127876513906,10.466781769997612
2.3.1.181_22	2.499997239196218,MTLQVRRLGRRPYQACFDEMKTFTADRTEDTPDEIWIVEHDPVFTQGLAGDPSHLLMPTDIPVVQIDRGGQVTYHGPGQLVAYTLVNFRRLNIGVRELVHMIENAIVATLTRWQVEAWARPDAPGVYVADAKIAALGLRVRRGCSFHGLAINVNMDLAPFLRINPCGYAGLQMVQTGDLDEESGISAIEEMLLARLDDEL,2.2299104796913887,0.38360911867941033,52.77565951027863
2.3.1.181_23	2.5273518748162767,MKLGRVDYRPTWEAMKAFTTARGQATPDELWCQEPGVFTQGLAGRDEHLLAPGDIPVVQSDRGGQVTYHGPGQIVGYPLIDLRRCGYLVREYVHRIEQALIDTLAEWNIGAHVRADAPGVYVANELSGASQFVHGTKIAALGIRVRRGCSFHGLAFNVRMDLDPFHRINPCGYAGLQTVDLSTCGVSLAVVDVAEALLRE,1.3895189972953328,0.35048267501004976,54.462262168048866
2.3.1.181_24	2.5400096689277873,MQEKIVVQDLGTKDYKEAWDFQEEIFKQTLDFKSENRAEEREPTNDYFVICEHPHVYTLAGSSAKEANLLASEIQLKEKHANYYKINRGGDITYHGPGQLVGYPILDLDNFFTDIHKYLRFLEEMVILTLAEYNITAQRSKGETGVWLEVGNPFARKICAMGVRASRWVTMHGFALNVNADLKYFGYIIPCGIIDKVDGN,1.4327908160787162,0.34983711858648003,8.837734312733966
2.3.1.181_25	2.594563706747245,MSPIHPRVTLNDAPPVEWAVSAGYVPYAAALAEMEQRAAEVATGAAHEMIWLLEHPPLYTSGVSARATDLVHPARFPVFETGRGGQYTYHGPGQRVAYVMLDLGRRGRDVRRFVHSLEGWVIATLGAFNVHAEARNGATGVWRADGNGEEKIAAIGVRVRRWVTFHGIALNVEPDLSHFAGIVPCGIEEHGVTSVVALGL,1.7025606089508176,0.30071163604758633,18.48597162866629
2.3.1.181_26	2.6465874936642875,MRLAHLHIPNITPFSRVANLQQTLTTRLLAHKKLTGSSSSDPPNPTIITFTPNPVYTTGRREVGTVSEQQQEYLRAAGPNFEPVRRGGQTTFHGTLVIYPLLDLKRYGIRFYENLENAVIDMCSLYGVKGLTTQHTGVWVGDEIAGKKCAAIGVHARGIASHGIGLNVNTDLSWFGRIVACGLEGKKTTSLAFELPDEGK,2.283626933133971,0.3582309812639459,3.3784906922045312
2.3.1.181_27	2.6553676593565547,MNKKVEFEDLGLIQYLDAWQRQEEILAETVISKTRQNRDPTEHETANHLLLVEHPTVYTLGKSGKPEHLLLNQAKLAEENISFFKINRGGDITYHGYGQIVGYPIFDLENFFTDIHLYLRTLEEAMILTLADYGLAAGRIEGLTGVWIDYDRDAAYSRRKICAMGVRCSRWVTMHGFAFNLNPNLDYYKNIVPCGIKNKK,1.7649788079392192,0.3964769552664265,3.672535061430584
2.3.1.181_28	2.746483207121055,MASPLQVRTLGMVDYRQAWEAMHTFTAERTADTADELWLVEHEPVYTLGQAGKPEHILTPGAIPVVQVDRGGQVTYHGPGQLVLYPLIDLRRAGVGIKEYVLRLEQAVINTLAQYDVTAYAKTDAPGVYVSGGKIAALGLRVRRGCSYHGVSLNVDMDLAPFGAINPCGYEGLKVVHLAALATPCENIGGQLASELLHHL,1.8734433609006493,0.32909881694897575,3.362462780992618
2.3.1.181_29	2.9203829614816947,MRDSLFPTDQVLEAEPPVPEWRVSDGLVPYDEALAEMEARAEAIADGQARECVWLVEHPPIFTAGTSAKPADLREPGRFPVYESGRGGQFTYHGPGQRVAYVMLDLNKRGRDIRAFVASLEGWIIATLDDFNVRGHPERIEGRVGVWVERKGPGLVRRNEDAVAHREEKIAAIGIRVHRGVTLHGISLNVDPDLSHFWGI,2.3963431266467285,0.3377599646829236,2.304990448831488
2.3.1.181_30	3.073983863496031,MQLRQHQNIIIRQFNIRDFQETWDYQKSLVQNTLALRENLTEGNKPEKHFCNQSSRIYFTEHPHVYTLGKSGHPENLLFNEQQLEQIGATYYKINRGGDITYHGPGQIVGYPILDLDNFFTDIHFYLRTLEEVVIKTLAYYDIGANRSGRTGVWFDPDNKHARKICALGVRCSRWVTMHGFALNVNTDLSYFQYIVPCGI,2.697023528758275,0.47715606719648757,5.087064741250122
2.3.1.181_31	3.160687285251323,MSFDISDVTKHQTLRIPELGRKPYTEAWENQRDLASKRIADPTACETVLVVQHEPVYTAGTSAREQELLNPDRSTHFPVYNTGRGGQWTYHGPGQRVGYVMLDLNKPNGPIPHRDDIHGYVRNLEDWMIRTLSKFNVLGECRDGRVGIWVDQKNGKERKIAAIGVRVSRWVSWHGIALNVEPDLSHFEGIVPCGITEFGV,1.8073529077811346,0.4006899120390725,24.32709512608821
2.3.1.181_32	3.163774647249446,MTAHLDPPVPRLSRLELGRSAYEPTWEAMQAFTDGRDAGTPDEIWLVEHPPVFTLGQAGKAEHVLNHGDIPVVRTDRGGQITYHGPGQIVAYLLLDLRRMGLSVRDYVCKIEQIMVQTLKLLEIGAEAFAKKDAPGVYVPLAGSQLAKVAALGLKVRNGRCYHGVAFNVKMDLEPFQRINPCGYAGLEVIDLRALGCELS,1.5098668199388854,0.3433996536082043,21.440130824535576
2.3.1.181_33	3.2109668589784333,MTAPLFTRAGVDWDVAEKPVNYADALAYMEARVAAIAAGEARERVQLLLEHPPLYTAGTSADARDLVDWGRPDVPLYVDRGGQATYHGPGQRVAYVFLDLNRRGKDVRCFVHNLEQWIIATLGALGISAERRHEDRIGIWVDNPDAGLAPQEKIGAIGVRVSRWVSMHGFSLNCDCDLSGFDQIVPCGIQGFGVTSLVDL,1.4042550475773767,0.283485564745043,12.692665444057482
2.3.1.181_34	3.2515625980630705,MHVRDLGIVPYQEAWELMVKVTEWRRQHDLPDRLSDPYLFLCEHEGVWTIGQAGKDNHLLMANAIPVVKTDRGGQVTFHGPGQVVLYCLVDCGMGPRNLVTRIEAIMIAASATFDVSAHCKTDAPGVYVGDIKIAG,1.2943468606224582,0.32090806649132486,7.723291265505064
2.3.1.181_35	3.3361347765695126,MNTILDIRQRKVKVLHLGQRPYWPVSEAMHAFTENSDTQTEDEIWFTEHPKVFTQGQAGKREHILNPGDIPVIQSDRGGQVTYHGPGQLVIYVLVNIERKKMGVRQLVTAIETSILQVLKNYNLNAISRADAPGVYVDDAKVCSLGLRVSQGCSFHGLALNINMDMEPFDRINPCGYEGLRVTQLIDQGVKQPVIREGLM,1.8785590734774191,0.2796165172684094,23.86006092881185
2.3.1.181_36	3.372940471330311,MQKNTIIYQDLGVASYDKVWNYQENLFQDVINLKDRMRKKVEEIEHDLVFFCEHPHVYTLGKSGDAKHLLANPEYLCTIGVDYYKIDRGGDITYHGPGQIVGYPILDLEQFFTDIHRYVTTLEQVLIRTLEHFGLAGQRSEGKTGVWIDTNTPFSRKICAMGVRCSRWITFHGLAFNVNNDLKYFGDINPCGFQDKGVTS,2.8792058264891907,0.42381791623604226,14.702969663676928
2.3.1.181_37	3.43215311543616,MLNIINKKNILVRQLGYQPYYPTWQAMHDFSENRDEHTVDKIWLVEHPSVFTQGQSGKQEHLLAINVNIVKIDRGGQITYHGPGQQVMYVLINLKRRKFGVRQMVSAIEFCVLASYQFGMQAYCKIKGACVRKQHSGVWVKKEWGIAINKKCAIDFKVIAPC,1.195930175335038,0.30515282723636294,23.688424348924055
2.3.1.181_38	3.451169040783428,MDAVAVSPLKARPAVRSLGRYEPTWRAMQRFTDARTPSTPDEIWLLEHDPVFTLGQNGKDEHVLMPGDIPVIAVDRGGQVTYHGPGQITGYLLFDLARRKIGVRELVTIMEQSIIDTASDFGITARRIKGASGVWVDNDKIAAIGVRVSQRVVSYGVALNCADDLQAFDGTIIPCGLVDEGVTSLVKESCDSAIAQTREA,0.9508597398029713,0.3614823728012303,21.713880266119144
2.3.1.181_39	3.457363455070336,MRETWGFIDSGFCPYAEALDYQARVHRAVVDGLVGDAVLLLEHPPVITAGKRTDPLDLAFDVFDVNRGGKATYHGPGQVVGYPILNLHEFRRDVHWYVDRLEEILIRTLAAYGIEGFRIPGLTGVWLDHVDGSERKIGAIGIKVMRWVTFHGFSLNIDTLAAFDRIVPCGISDRAVASLERELDREDDLGRISDVLAAAA,0.6981987712895873,0.3064404453486884,8.1208225860714
2.3.1.181_40	3.485008714610874,MDAVTRTCGVELWQLGLSPYAPVLDAMEARADAIARGEAAERIWLVEHPPLYTAGTSARPSEVVDPRFPAYDAGRGGQYTYHGPGQRIGYLVLDLKTRGRDVRAFVRQLETWLIETLNHLRLPGGCQDDPQPGVWVPRPPGQRDPLAQIGVKVRKWVVLHGVAINVSPDLTHYSGIVPCGITDHGVTSLQDIGVDVTVTE,1.3498396841955456,0.26708824936138054,26.860602070315835
2.3.1.181_41	3.525392875977065,MEREVKLQHLDRLDYQPTWSAMKEFTQARNDKTRDEIWVLEHENVFTQGQAGKPEHVINTGDIPVIQTDRGGQVTYQGPGQLVVYFLLNLKRRKLGPQGLVTQIETAVIATLADYHVPADPAADAPGVYVAGAKVCSLGLRIRKGCSYHGLAVNNMDMELAPFSTINPCGYAGMQVIQTKALGIDTTLTDCTTSLTKVLA,3.3218619684196318,0.40478232932896485,9.40485628005375
2.3.1.181_42	3.5564337848996197,MVEWITSDGLTHYPAAEAMQERAAAIADGTAGECIWLVEHPPLYTAGTSAKPDDLLAPDGFPVFKAGRGGEYTYHGPGQRVVYVMLDLNENAEVKDFVAELEGWLIRSLNRYRLEAVRIGVWVHRPDKGPARKVAAIGTRVRRWVSFHGLSINLTPDLNHFDGVVPCGIKEHRLTSLEMLLGMPHSMDDVDISVRDHFKQ,0.9819470827001768,0.5013950951974074,111.57917634637248
2.3.1.181_43	3.7357935615616538,MADGVTAGTTHPASIRFAGLKSRLIPYAQAWQWQQHLVKERLNQNESVRDSLLLLEHPPVFTLGQGADETYLRFNLADCNIELVKTDRGGEVTYHCPGQLVGYPLLNLACYRPDLHWYLRQLEEVLIQVLAAYDLVGERTSGLTGVWTSEQKIAAIGIKVSRWITMHGWALNIAPDMNWFGHIVPCGINDKKITSYSRWV,1.7141187395871789,0.3137361032475097,10.309735956400079
2.3.1.181_44	3.7411361295945698,MSLEIKYLGRVDFDEALVIQQNFHTARSSETPDELWILEHPPVYTQGQAGKSEHILNPGNIEAVRIDRGGQVTYHGPGQIVGYLLLDLRRLGVGVKQIVRGIEDSIIQLLRDLGVKAKIVDRAPGVYVNEKKIAALGLKIKKGCCYHGVALNVDMDLEPYTNINPCGKPGITQTQDLGLAHNIIDLKAKSLRIFLKHHFP,1.302822091263395,0.3597636168734882,6.318127889501402
2.3.1.181_45	3.827633667471913,MSAVPDAIEWRLTPGLTAYDAAWAQQAGAAADRERAPALLILEHPAVYTAGKRTSPEDRPRDGTPVVDVDRGGAITFHGPGQLVAYPIAELSAVGYFVKEYVYRVEEAVIRTLAHFGLTAGRVYARRAGKSGIWLPPDSSGEPARKVCAFGVRASRHVTLHGFALNCDPDMDWYTRITPCGIANMASTTLDETATPIAVR,2.9096630598457,0.36529872652868983,5.80570426095867
2.3.1.181_46	3.9383608670299197,MAIETWRFLDSPVQYADGFAAMRAFNAAASADELWVCEHEPVYTQGIAGRDGDMLNHSDRFPVYAVDRGGKVTWHGPGQLVMYPIIRLQNAERDVRCFIEGLEFSVITVLRENFGVEGCRCAGRTGVWVLTDNPEAKSRKICAIGMRVNRRITMHGFAINVNPDMAVYDGIVPCGISDAGVTDISAEAGLTEAAERLLPW,1.9432326564445883,0.2837837923440531,94.08300365112763
2.3.1.181_47	4.145368084458246,MLDIRTIGVQPYVAGWAAQQAFQATIAEKTGTESPDELWFCEHAAVYTQGLAGKPDHTLNPGTIPIVQCERGGQVTFHGPGQLVGYALLDLKRQGLGIRGVVSALELAVVKVMADYQITAEARPGAPGVYVEARKIASLGLRIQRGKSYHGVSINIDGDLSPFRQINPCGYQGLQTCDLQKTPVAEMQAAEPVEKYTDHF,2.2381342654502836,0.3649655475875877,31.348805582844914
2.3.1.181_48	4.172632054091528,MQTLIVRSLGEQDYAELWKAMQTFTDERESALDDEHWIFVEHPPLYTAGISANDQDVLKSNVAVHETGRGGQITYHGPGQWIVYLLIDLKRLKIGVRQLVSYMEAAVINLLNDAGIQAYKIKDAACGVWLDNGAPNQKVAAIGVRLRKGCAYHGLSLNIDMDLNPFNGINPCGYTDLAITDMEKLNIGKPMDEVLNLVTK,1.6339374862935694,0.2679752457302612,27.100316456819343
2.3.1.181_49	4.32254117752445,MSTRNNPLSPLQIHWLGSVDYQNAWAAMKKFTNARLVEEVDDTCLLLEHEHVYTAGRRTRAAEDMPMDGTPVIHVDRGGQVTYHSPGQLIVYPILDLNRYQKDLHWYLRNLENVVIDTLAAFGIKGHRRPGLTGVWVTDENEAHWKVKAIGIRVRKWVTMHGVALNVDTDLSFYSGIVPCGVTELLTQLPRNEAASVKLL,1.1466532072004656,0.37095272482411923,46.31424717945927
2.3.1.181_50	4.793292709046297,MERGVEIEMIPVEDLGRTSYDAALARQQNWLKDFRAGGIRSDILILCEHPHVLTTGRGRKVEGLFEPSEEFREKGIGVYRCDRGGDATYHGPGQLVGYPIFGLTDLRTYGRDIGAFLRDLEEMAISSLRAYGLRADRTPGITGVWIGDRKVASIGIAVMRRWVSFHGVALNVSTDLDPFKAITPCGIADSVVSSLAREAG,2.339121301630936,0.5807972622972909,8.465301403380659
2.3.1.181_51	4.918231589103003,MNSICVEYLGLIDYSRAWDFQRELHEKVFRQKEDTKDTLILVEHPPIFTLGKNGHLSHILLDEASLEEEHFKTQVYHTDRGGDITYHGPGQIVVYPVFDQKRLQMKPKRYVAALEEMVIQVMKEFGLQANRKKQNCFTGVWVGHEKIAAIGISIKGWVSYHGFSFNVNVDLKKFGSIIPCGIRDKGITSVQKEVMLAFGE,2.715880627073819,0.421067437887324,3.65239833578026
2.3.1.181_52	4.993918813253253,MLYRSLGLIEYKEAWDFQRSLLAEDSRGPGTLLLCEHPPVITLGRNGDRQNILVSLSFRQQKGIEWFDVERGGEVTFHGPGQLVAYPIFNVTGEWQRLDKILIDTLASLLSSCDIEASALDGLTGVYTNRSQYVGDTFSKIAAIGVAVKHWITYHGLALNVFRQLGFFDLINPCGMKRYGVTSLARELGAQASEDQVNSI,2.223197796361958,0.3589129133305742,5.743596028873502
2.3.1.181_53	5.100212047922479,MTDITLQRLGLANYEPVWHAMQNFTDSRQNNTLDELWVVEHHPVFTQGQAGKAEHVLAPGDIPVVKVDRGGQVTYHGPGQQILYVLVDLMSKKFIGAKSLVDVLENTVISTLSHFGVKGDPRADAPGVYVSLKPHPEPKLTAPAPFDRTLTSSLPEKDADYASGTERSEKSAQQRQESTPVPINHAPLIRNIDPVPQANG,2.9391731482227876,0.40586082857626044,5.872187035032098
2.3.1.181_54	5.170370430416762,MQLGQSPVIRAGTVEYNEALARQHALHHDMIDNRVSDTILLLEHLPVYTAGKRTQQEELVDMRANPIDLIEVDRGGKITWHGPGQIVGYPIVKLGKPLDVVIYIRTIEAGLIEVCRDFGLNAARITGRTGVWIQEGRKIAAIGIKVKSGVTMHGFAININPCKEEDAGVVVGCISVTAHARNTPIVTIPDVVKSVGVQLT,3.1111115417315705,0.3971484088319254,14.426972341134725
2.3.1.181_55	5.204714566586169,MSELNAKPALQWFITDKLVPYLDALKLQESFTAKRSKELHEEIPSLLLVEHPPVFTIGRRGGNESNVVLSHDYVTAAGVNVYKIGRGGEITFHGPGQVVGYTMIELEEQGKDVKMYVRELEQSIIRFLGEYKISTGEHHGHVGVWATSGSGSELARKICSIGVHCSRYITSHGFALNVNTDMKYFELVIACGLTGESMTS,1.3889529766627888,0.5147089070885124,5.979347123149827
2.3.1.181_56	5.389034420972852,MADKECVVVRDLGCQDYQPTFEAMKRFNNLREPNSFEDIWVVEHPQVFTQGLAGKAEHILKHSSIPVVESDRGGQVTYHGEGQQIVYVMIAVKHRNMTVRELVNLIEKCVIEMLGEYGLKSAAVPGSAGVWISGANSVKNKKVAAIGVRVSRGLTYHGISLNLDLCPGMIDLGKPAIVDPCGYIDQAMQTVKSACNLSIS,1.5119105429528352,0.3475946935904031,32.077466082410304
2.3.1.181_57	5.682631849799028,MSALVIRLGEQPYSKTWDVMKRFTAERKQNTEDELWFLEHRQVYTCGRVQKSSKKILSDDNAPVVNVDRGGRVTWHGPGQLVGYIIMDIAVIGADGFADMHEMEQSLVNACHEYGLELNPKRKSDAPGVYVGNEKIAQIGMRVTRGITFHGLALNVAKDLKFFKLINPCGFLDLSVTSLQKEGMEQNEIFEMDDAVVQSA,1.5273997552888503,0.40055115381639184,100.83268245344283
2.3.1.181_58	5.76317722403415,MNQFIALKETGLLDYQEAWDRQTTLFKNVVQTKIENRVSPTPQQRTGPVRQEQEKPAMQHLLPVVTRSFTGGQATCDDLIDDCTAMKANGASFYKTQRGGQVTFHGPGQLVLYPIFDLNQFFTDIHLYLRTLEASIIHLLTQYYPVEATGVWLDEQSPKLERKIAAIGVHLSRWITMHGFSLNLTEGLQARVWSTTLDLC,1.9900095078683548,0.4416982187085751,2.3162847274871248
2.3.1.181_59	5.8551791443661125,MSACRTHAPFTTTSYDTGVVQSSQDSLGIVTDGGVVYSNTQNSTTHTSQDHKINLVQLGKKDYSETWEYQAKVFNELLTDKAVNKEQENNYPNPSLFVTEHPHVYTLGKSGDMQNLLINVDSLTKTGATFFRTNRGGDITYHGPGQIVCYPILNLDYMQVGIKDYIWKLETSIIDHASEFGVEAGRIEGLTGVWLDSCTK,2.712549404869175,0.2696814377094807,4.212272191190624
2.3.1.181_60	6.163605582691356,MAGRTLWYSSFICDSMENGKREAMHLVAKNQAKNPNIEYILLLCQQPHVFTLGTGASQEYLVHPDDFPRPVFRTERGGETTYHGPGQIVGYPIVDLYEFQLNKKDLHWYIRTLERLVILTLEEFHIYGDRTPGLTGVWLDGKKIASIGLKVSRWITTHGFALNVDNIIDGYPGIVPCGIEKYGVSSLEKFLNYNKGPKIE,3.8977925147379944,0.5103395644074569,22.302399955521658
2.3.1.181_61	6.248814332124462,MEAHPFSQLRLYHLGKVPYTTAWQLQRRLVQLHLRIVARAGHLPLGRSAAGFPSCQSMAKINYKDTLQLQQLLVNVHEKSADDRSHALLLVEHPSTFTAGMRGKPEHVLIEEEQLRAAEAELHATDRGGDVTYHGPGQLVGYPIIKIRSHSWSVRTYIDALESILLRTLADYEIEAYTSDHQRKVRGIWVGGSKIGAIGV,4.15083861867188,0.36024834799777045,3.189580160993619
2.3.1.181_62	6.576764422642047,MEKGIRIIHLGRCDYMSTWQAMQAFTQVRQSTTLDELWILEHPPQFTQGVNGREEHVLAPGEIQVAQINRGGQVTYHGPGQLIIYCLLDLRRLGIGVKELVTKIETAILHSLKTQAMPVGHGAPGVYIDCISKNQLAKTALGQYSQHDLYAHVATNLDEYNIFCGQAPNYACRKISAMGLKIKQEVTLQAFSHALRPHLD,1.2532752789876307,0.5794670165337269,5.083087522942346
2.3.1.181_63	6.704514657030551,MPSTTVAWRPAEIAYGDTLALMEDLVRQRIEGLISDTQLFVALQHPVITLGRRRNQSHVLVGDDHLAERGVTIVITDRGGKTTFHGPGQLIGYPVFQIGRMGVVASFVENFEDMAGAGLKDLDLTRAEECAADRHTWVGPHKKLASIGISISRGVTKHGFALNVGLDHAFWRFVTPCGLPDVVMTSIDEELVPTAMGVAR,1.2268434546279943,0.5692267783321263,23.148784949064936
2.3.1.181_64	7.11364262434984,MSNPVQAQRCFAVLPTEAMLVPARQHTTAQVGSRLEPTSPAAEVLMLEHEAVYTVGRRTEDWERPRPDGTSLILMDHFLADERVYTVGIRHPAVDGELTGDGDVPAFVVTGRGGQTTYHGPGQVVGYPIISLAEMNKADPDLHVWRLEEAMITTVGDWGVTGTPLQGRQIGRMVGIGVHRDVTMHGFALNCDNTMDHFHI,2.4854211941595197,0.22461705545145855,3.9062567436250406
2.3.1.181_65	7.265242862519038,MDTCTLSNHIQDLGDTRYEPLWKRQRGLQDEVTMYAHPPTFTLGLRHRAHLLKPHDLPEELRRLGTEMHYTDRGGDVTYHGPGQLVGYPILNLGALRRMIRSLECALIRLLAELKLPAHSKTLPGLYVLDTPFGVWLNDRRICAIGVALHISRYVTTHGFGLNETRSYDKIVACGVHGRTATSLQAQRGLIPAVRMANIR,0.955583799511746,0.6625680269718836,16.635327208395132
2.3.1.181_66	7.463623338100967,MDILLDSGTEQNRATVGRAVIPYQAGWAMQEATVAARNEGELGDCFILLEHPPVYTGGKIPLQTDPQRFPIFEVGRGGEITYHGPGQLVGYVIFQLDARHKDVHRYVEDVENGLIETLHQYSVPAEHLVGLEEQPPFTLSPAIDPRHSPDEMRASLRRSPPLQGKKIASLGMQINEDSCVNDFDAIVPCGLTQARWRGIV,1.4257757876707517,0.37812602576091214,64.6759458944642
2.3.1.181_67	7.6974090061521965,MAVDPVQTPLFESTLRWQQAWQHDLIRRRDAGKADCFLLVNHSDVYTVGRRTPDSDQLAGSPEVVARLHEIDRGGGITYHGPGQVVVYPILDLAAAVREGLVAPPVYGVEGDAWPELVALAQSWEDELGQDGVRPAVLTVDPVWILPSLAKIAAVGIRMKELHGFAVNCDADLGRFTGVVPCGVSHASVTSFGVTAEPTQ,1.4850791919174522,0.35735932182124897,15.516958066151748
2.3.1.181_68	7.969156792889184,MESARKVPTSLAISSQREQALVLRQMGQQDYQHVWDIQAKLKASRQDSSLHNLHLLLLLEHPPTFTIGKQGQNEHLLMPTTELQSIGAQVFAVQRGGDITFHTPGQLVVYPLLQMNYQRDLHWYVRHLEEVYMALLSDFCFDTIRMGKDGFTGVWKAKPRRKMRSQDLTRDGDGPTARATASAAAKSEVPSDTESALSAM,1.8480964842083902,0.47828674914234254,3.1824058725318665
2.3.1.181_69	8.112491289498486,MLLTCIVPKGVAKFWNQNDQENEAESQQRPRPFFASRVKKHNKEYKPNKIMTPMMWRLRGFCDYDKAWNWQESLIQARIDLIEQSGYDPEFLILLEHPPTYTLGTGSKSDFIKFSPDERQNAIRVHRIGRGGMVIYHGGQVVLYPIVNLTAESQYGIRSYVDLLDFWIIQTLREFGIEAGRKEGFTGVAMGVKIRKWITY,1.6377899418276882,0.29520530447052457,1.496744223782533
2.3.1.181_70	8.155979233395446,MISQWRKQCEWLFNDDATSEPETCMMLFSNANIFTVGARAAKDYNNGTFKDGISSTAVSLKRTVIWYRHRFCHRLWPEFEELSSNSGIHYGIECDGGIITHILSRKYMTVSFTVRKRFVAFVSGFGCYRMPHRLIPCRLYKEWLY,0.9351478551219009,0.36886041074876313,3.3890297999642027
2.3.1.181_71	8.244573649164026,MADDAPISCIHAGLVPYLHSAEWQRTQHQSVDAIDSLLTLEHPAVYTMGQNGTTSHILNPAIPLIQIDRGGQITWHGHNLVGPIVKGLKALSIHSILLDGFYLDPQAREIYTGLAQAAVEVLGIHMHTIRSTHPPAPTGVFVNNKKRGINTARHAWLLMHGHALNIDADLEHFNGITQCAFVPCGILDNGVASLARILDR,0.5175351665744088,0.3596213779686586,2.6151721838357176
2.3.1.181_72	8.36806196075293,MPPPAMRIDLGTPAGVQFPKAELEYTACLELARTIHNEVVQSERPGTMVWVEHPNVYTLGLSGAPEDLLGTDNLPTYPVDRGGDITYHGPGQVVLYPIIRWRHEGASGTRRQTPNDGAATNDSGIFLVRDHVTYVTALEQAIISTVAEFGMNGATMLGRHLDFQSLGLDTRLLGRAFKEISLNRRALEDIAEQQTVFSRD,1.8935618901292197,0.5058959107191299,3.6959845523595662
2.3.1.181_73	8.37129864108867,MDAVSAALTASSEINPLAVRWRGWKLQPYEKSFDLMEERAQAMRCHVDAGEGETVLILEHPPIYTAGRRTQPHERPDPPEQRGAEAVAVLRPPRAGAYPHGARLGEVLYVLFGDDLRAEATGAAWNDKGDPECAPSWRPKTKKISAMGVRIHEDVTMHGFAYALVVEFGFTLPPWTGDEGFAAISACGVPVAGRGGPGQA,0.702994859311665,0.20150514399469183,1.3822917134416963
2.3.1.181_74	8.379989188804709,MSQPVCYEFLLLHQPYLDTWNRQRSIHKKLKEGKRGRADFLIFTEHSPVFTKGKRDTSSSNHDLFFGLPGGHLAGYPVVNLKQFGPSDLVWYMRSLEEVVLRTLAEFGIKATSEEDVGVWVDPETPPQIGMKVGLHQSRRLTTHGFAVNVFMDEFWYQYVVGCGVIDSGSFSDWHMPAIGIKVEKFKDQIVALQKDYLLQ,1.1809226785508296,0.35061350789915463,2.2000318950842455
2.3.1.181_75	8.385231437848951,MRCGASVHLRQSIVYFRLGRIGYEDAWKWQSSLVKDRINNPETPEQIWILEHESVYTAGSRTKPEDHYSNLFKREIYDINRGGDITFHGPGQITGYPIINLQHFRYGIKSYLWLLQRVFLEFLYLRGIRASLFRGTRGVWINDDAPEKKIAALGTDLREGCAHLDERTGTQADAFPPIHTIAQPGDAEVSYRFPYRTGKP,1.9949192903346515,0.2628478107239833,9.053251574607582
2.3.1.181_76	8.489186949371131,MRLTHKGSPDLFPRADSIPWQWEEKTIAYPAAIAIMDERVANMSTNVEEPVWVCEHNPVYTLGRSGKEEHMLFGLHDKPISVYRRRGSDVTYHGPGQLILYPLVNMCAYRLKVRDLVTWLETLLNECAIAAFASPDAVGVWLPGLTPLAHRIGVSACRRQRLASKPGGPCPDLCRAGTLRALPDARSHQKAQASMTMMPW,1.87074838663002,0.33699485312850386,13.819803089974949
2.3.1.181_77	8.595605442956625,MAIPDRLVHYQGQPCELSELQSDFSQVKQNIKQGIGMNNNQTLMFTEHPHYTLGKSGSPDNLLTNPDLLDKIGAFYQTDRGGDITFHGPGQIVMYPILNLAGVGPGGKTLWLRHDSVKEDSPDGDVLHDIGACRMEDRHDMGYEPVGGAKPCELRKVCAMGIRCSRHCTYHGLTFNVIMTAAYDRWSGIIPCGLEGLEPC,1.3750849764787756,0.4154938592280213,8.058073719526085
2.3.1.181_78	8.787967658704563,MEKARFQDLGAVDYQDTWACQVNLIHQLLAAKQPINGGLQKNPILLLVEHEAVLLIDRGGQATYHGPGQWILFDSSSFTSLQRIGRDLYGYFQFLEETVIQACATLGVSGLRFYNPGEFTERHTGVFIGPQASAKRFKARHLTMCGLSPSNQVNKISIEDVDRMLRTLNDDYPDYQNQMDGEGTNV,0.7170646440621056,0.34088685472034685,2.144737414300674
2.3.1.181_79	9.126300605044158,MAAPEPVYEWERAPIRYSQGLDAQIARACTDREDGRITFLEHPALISFNRSKNPTLSLGNMLEKKRINFYESDRGGGITYHGPGQVIGYPVVSLKNFGPDDEAGQLEFSQTAPPSQAGLTYPNIDLGDSTTRATNVKRRLKKRVRMPLADNSGAWIDRKDPSTHKNFDEPVGPFIKGIP,0.7014936148033059,0.43263369422807113,2.583956215301281
2.3.1.181_80	9.249269034888036,MVNEISRPLKIHDLGVINYATAWQMQRDLATLRRDSSIGDCCLFCEHNPTYTLGRGGDRDHLLDPCSLVKRRVDVEWYVRNLGFGAYKRLLTWAIENYNINGPNRQPLSAQFGVLLMKNGEKIPEQVEIGTLGVWMREHPESQLEGYDKICACAISSFMPMIRLTDMSARKPKGAKIGGLKVLAEKIFHDIATRDGISLN,2.516834102659516,0.42238496655806895,6.554113990831631
2.3.1.181_81	9.394603524561777,MSMPPVTIHPLAIQRYENMTGEMVTARREALVNEISAAKAKRQIADTLIFVTEHPHIFTYGKRGKPADLLGSCRSLDPIEEVVVNDRGGMITYHGPGQLVAYPLLSLFPLKKMGARPYVRHLMERLEQTVMGTLREFRLPKVQFEGHTTRVGRVARMSQPWGYLQGSKFVIWVSRHPGSVSGPDSVGVHVTSVWCGTGVE,1.8211640106150508,0.5925322842380817,2.2265273822913696
2.3.1.181_82	9.89375484358512,MQPVRPLDHLSQPGFTPYAEAWEYQRNILQHINAGNHSEMRWLWLLEHPPTFTAGIGVKDENLLFAREAVEHQLLDIDRDGPGLVHRPDEQIIRIPIHRCTGYDALLEWTDIVGIRLRLKGCISYRGLNINAWERYRNLILACEFYDAIVLHGNKALGRQVTGVTQHGVSFHGMSLNVNMNLWDYVGDAGLSDKRMAHFQ,0.9428937231575046,0.3162545840582163,24.0326126808621
2.3.1.181_83	10.316044673051852,MIYKNLGFQEYKQVWAYQENIFKDIVKTKCEINRTTSKEHPVSELSAAHFPVFTMGKRGKVQHQLLASVDKRKAEMSWFERENVSYAIILQHPPVYTVGLRSPSKLSEANYIEGEMWEVESKIQKIREELYVFGLRAHPGQMIFSIQDEDAFFTVDERELLQEPHARTGSAEWRGFLSKFYLSKNNLPCLILDMKHMGPK,3.639163757407017,0.30294023624303246,5.169637684851459
2.3.1.181_84	10.483179040691278,MNTPIISVERPSRAGAGVAATARNQELVDAAAGGWPSRLKGPAPLQKRLPGYIPPCAPEDLIFQNQQGLLNAIDHAVEVMFYSEIHRSRLSAVDPHEIHPSHLPLVITCERGGNITYHGPGQVICYPICKLTITDPLGSADIPRYVEFLEFATKELVLRTTNSEGAKVRRCGDPGVWINDAKIVAIGIAIKRTIGHHGLA,1.5457965017021194,0.4005837061100452,3.2586127237637084
2.3.1.181_85	10.758485066439185,MKAIRFEYLGTIPYSVAHNYQKRYLTIKNRGDNDTLIVLQHLGVFTFGQKETGKIHIGDISEEAQFLYLPHPFLSRGGDITYHGPGQICAYPIFALGLLQNGRKELRLYIRHFLSEYAVGILKTMGIETYRIMKSYVLYASFDLVPRNTEVQYFLVDGERVKHGSLWIGEQGRTKGAICVGLWSPEAKRLRVIAMNMYEL,3.5403733850175225,0.38491392285546094,55.19078812910491
2.3.1.181_86	10.986426610147952,MSLSIFIYKRNCLYSQPLKGCNCFALVYMTCLRASTLSICSHLWPFDWISKNSCSFVHVQKLRDQVCEFDATCNGYKRRVKNTGKLSSGNKHKNSAKSPERKVEFHPILVSHEFTFDRGGDITYHGPGQIVVYAVMDLHLIPARPWRINNQQYSLESIVVKTVRAMGIDAETRQDPGVWIMPPYDEKDRPSLRKIGAIGI,1.3092532330055036,0.5112562413401208,9.083837183751502
2.3.1.181_87	11.100464472675347,MHQTIKSKRVKYLGQENFNTLLDSFLSWKKGNELPPLFFCEHPEVISVGLNGRYEKLISMEATGIYMGMDDSRRWSTEHVQLIRAGDIKPFKVHTKRGGETTWHGRGQLVSYPILHLQRFHACDLFWYTTQLCEFCKGLTSVLGVEGVRLEGRAYTGLHGVAIRNQRGYLTIHGDAENLLAGRVHFLKNSIDGTLDRNGL,2.657039541986002,0.476695172162228,4.501803733599033
2.3.1.181_88	11.806819429944781,MMVKWLGTHPYENSFKAMEHYNRERDSQTVDEIWFCEHQPNFTQGIKSIIECGNDILGHVGSGVVIDASDLHNISIYQIKRGGKGVIHGFEMARISTYVFAMKRQVDLYIGRCIFNLMAFNQFFRVKWSARDTLIYELVDPGKESIGDPACDSASCGGIEDWKCAFSIHGKSLFVKHGSIYFEGIPEYQQSQYF,2.2943752383298643,0.41388799628629924,9.664022413520229
2.3.1.181_89	11.857374345787946,MIWRRLCGDRAYHQALQAMEDSCSGEVGRTLLCCTHPHYTLGKGGSTNHLLYDPAFLTRHDVEAFFWVRRGGEMTYHGPTQTMCWCRPDTPGVWDLHPTLSQDCYRLKEISELLGVSAADPDGSALHPGLCGRDKRSRRWYNQPKHAYQKAMHQIFHGLRVRPSMFLLDTSWPSDDRMHEHAVFAGLYIGRLQADHIEDM,1.227420107291401,0.4317260937777861,4.658227318519657
2.3.1.181_90	12.10198032552711,MSFNMQVYRLGRLAYQEGLRRQRDSRKEGTEIINPDFPKHILLAEHRQVKRGAPDKEKERLLRALGADWNPIVTIHRGGTVTCHMPGQLVIYPIPTDLSRRQLHKPAALGEELAGEIVSVTFDTIGKKDNFEWRAFDGLWVCNAPSDFEGPPFGHPLTYIVCEDTETGVQVVSFCPQIESWGLNSGFLTTTDLVEALRPI,1.3289475565165125,0.5449209819395505,3.5113965602179626
2.3.1.181_91	12.10915251230018,METARDFCHSQPITRASEDLTSPVWIRNDERRDAHVGRIPDTVIIVEHPPCYTLGCAAKREHMYFNLTDVHSRWLQGEIIEHSVRLVAEGSALLHVNRGGELTFHSLFLFQDNVDRSYAHLPIGHAGDGRLTGSFQRVDLRNWIPSHIAHMLRDVGVSSIQCHIKDGSGVRDTSSFGRRLDKLRDGAFYRSEDELGLQPS,1.1595034185517492,0.3133381697147821,2.623474187478916
2.3.1.181_92	12.197525470641883,MQNIHHFLGETPFKAVWLGQQYLLDQLVSVKEQRKQMQIDTVVLTEHQQPVTTSNYDSNGGAIIKGGNFILEKHHVTYRGGQGQLIGYPIWELAEHLRLKEDMYVQILEVCIKILGEFGIEAAEGYSAMASGVYTKGLDFHVHKSLALCGLHISLSSNPEKTWQQLQHCEHSLNGEGILSIRKIEKYVEIQIKNRVLALT,1.7058761569115382,0.2947942746572858,1.8188666995938771
2.3.1.181_93	12.670235977349531,MRGDDGLPLRKRDRMVARSLVAAHVYPDSKDQRSGTSAACFPPTQPDEAPLGRTANTDAPESYIYDVYSHHCEGDDPLAGVLLKGLLSPTRCHCLTSCFIDTRFILRHKITSFFPCNNLPTSDNSLWHFKHQLLPCQLNMPKMAKEKIVVRQSDLGINDSLISYEDAIHQMQKLLAERILRSKDNDIPDTLIAMQHHPVY,2.9528045832366443,0.2295001148802032,1.2348389119078418
2.3.1.181_94	13.318334333889537,MSKTANSQLSIAYHPLRYIPELTSRNQSIASFAGGAEARHRQADWLLLVASDFVPLGDPFYHTSVERHLQEWLESSLQHYQIPLFELDRGGHPTDALTMSHQLVPFHGLGRTQWNLYALMVRNCLADLTILHYSNSADISGVSSVKPKTGVWVECRKICQYGTDYYQTYTIGSIQEWRGLKIAVSIGSTGADRVASLGPY,0.8095453411121758,0.2573449538398624,2.357945277943239
2.3.1.181_95	13.648343179220376,MKTNELVYQDIGTREYQDVWDYQDKLFEAVTCIKSENRNLPPEETRTIEVENLDCEEGYEDCSHAWPSEIGETQISQPSLTYLFVRLPRAKSKAEIIAWLQPFVQSNHIERQEFCFSRNFEAFTPSSEPLVLDTKDDHDMLYKAGVQLRAHGTAFNVPIIQNIRVSTVVQANRAGILGIGVRLGQHSVFRCIDGYEGECK,1.597205753413231,0.3088686488070419,6.060413469600076
2.3.1.181_96	14.149542386668038,MQFCPLNTDQMNRDAVAGQASSDTARAILLRHLSNPPHQLWPPAVLTPTNEAISMEYATADPPCHTLPIPVFTPGQRGKPTDHVAYEDLINPARQQGLRDVLQGDKAIAQTLTDLHQVQIKTWGYDILMVKERDEIAPAAEREAVLKRNLGVIMHGWKLHQFHGGMFPMAAPVPDLPPDVMIQFVYLTGTEPRSLRWFEC,0.690567354252407,0.514773433893038,3.044680988330466
2.3.1.181_97	15.13069690452416,MPPQWVLAHHLYHSYRGPTRPFEIPKFNHGYTINDLPSKLRERGGELIWTYDSGLATYHGPEQAINANGLALIDADVDCDGVDKIRLKPVDAGGGITGLDHYIAKGEALSAEDSARSLAYQRLRDRGFPLDYNRCDLRRSFAFAAVAEMHKFVREMQTWIRDAASLTKVPNVTVGLLQGVNIERLRHQLKTSPQVLVINP,0.6686221808972808,0.4028595013941432,4.233527511847511
2.3.1.181_98	15.52030789303967,PIGNKYFEEIKQDLSRYQIVKAIFSRVFNRKTLELIPIPEEWSPQEEKKDECLVVCKHEPVFTVGRRTTTSDTLVEEKRLKEKSLLTSYRCQVFRREIDTSLIDRENKNRTASGTQNYMLEDFSPCFRYDIRKIERNACFSIDHSAGHLEEMRSVLAMEDWTKALLPNIGTHIILTRVNKQNDGLTTEDRHKFYNVYTVP,1.9368777403757995,0.25302493947627147,7.183130098453082
2.3.1.181_99	16.264646655234426,MFERPHFLSHWGKLDYAQAWEWQRTLARLCAARHLPPSAEDGRSCGQIKPQATADGVFYHYGPGCTTRGAMTAQQEIAWYTWRRAGRERPMPEVNYAVVHQVKLQWISETWHQLFPAQFRLWGCGDTDHSPTQRSRNITFDEAWYDDISRFDSRLIKWLHTFHRQNLRLRGWKITRSPQMFSPGPKFAVYLKPGTLFDFC,1.147034034685734,0.2615148658190188,3.519656797850736
